<?xml version="1.0" encoding="UTF-8"?>
<project-private xmlns="http://www.netbeans.org/ns/project-private/1">
    <editor-bookmarks xmlns="http://www.netbeans.org/ns/editor-bookmarks/2" lastBookmarkId="0"/>
    <open-files xmlns="http://www.netbeans.org/ns/projectui-open-files/2">
        <group>
            <file>file:/C:/Users/tlatl/Desktop/Hotel_Project_Final/src/GUI/checkin.java</file>
            <file>file:/C:/Users/tlatl/Desktop/Hotel_Project_Final/src/GUI/managehotel.java</file>
            <file>file:/C:/Users/tlatl/Desktop/Hotel_Project_Final/src/GUI/Order.java</file>
            <file>file:/C:/Users/tlatl/Desktop/Hotel_Project_Final/src/GUI/Membership.java</file>
            <file>file:/C:/Users/tlatl/Desktop/Hotel_Project_Final/src/GUI/Login.java</file>
            <file>file:/C:/Users/tlatl/Desktop/Hotel_Project_Final/src/GUI/Management.java</file>
            <file>file:/C:/Users/tlatl/Desktop/Hotel_Project_Final/src/GUI/showMenu.java</file>
            <file>file:/C:/Users/tlatl/Desktop/Hotel_Project_Final/src/GUI/OrderMenu.java</file>
            <file>file:/C:/Users/tlatl/Desktop/Hotel_Project_Final/src/GUI/changemenu.java</file>
            <file>file:/C:/Users/tlatl/Desktop/Hotel_Project_Final/src/GUI/Reservation.java</file>
            <file>file:/C:/Users/tlatl/Desktop/Hotel_Project_Final/src/GUI/deletemenu.java</file>
            <file>file:/C:/Users/tlatl/Desktop/Hotel_Project_Final/src/GUI/HostHome.java</file>
        </group>
    </open-files>
</project-private>
